date,code,open,high,low,close,volume
2023-01-02,sh.301662,10.161007978293249,10.167814910415183,10.138933531046973,10.099342830602247,4571387
2023-01-03,sh.301662,10.140653387859945,10.192972995619353,9.977316846356244,10.084202982812185,5914150
2023-01-04,sh.301662,10.337989857374993,10.176454025173229,10.164349514458085,10.227453511111836,6282433
2023-01-05,sh.301662,10.638983630151701,10.58269780241395,10.478873156952758,10.550996532541156,8738170
2023-01-06,sh.301662,10.562833617018025,10.64673047360522,10.65817702038777,10.514552884751309,1909210
2023-01-09,sh.301662,10.470991022438843,10.346914475699284,10.344088476532047,10.478343226512806,9421374
2023-01-10,sh.301662,10.640345169036985,10.851825325520899,10.61254721075776,10.820062174741583,7240327
2023-01-11,sh.301662,11.044994399865203,10.895160015514959,11.038358241117962,10.997746079015812,9158470
2023-01-12,sh.301662,10.930765895927458,10.981750265375682,10.892470118975485,10.908111092286704,7289270
2023-01-13,sh.301662,11.068132115906607,11.064187269557854,11.234218418424328,11.038154823389421,2460235
2023-01-16,sh.301662,10.809903526484513,10.772851564281773,10.765728551805186,10.949703712692862,2458316
2023-01-17,sh.301662,10.744269489329403,10.988200888802151,10.85486793821486,10.861690504931872,2427197
2023-01-18,sh.301662,11.041431173676116,10.960321750316337,11.074157526323246,10.9263599025965,5128784
2023-01-19,sh.301662,10.522751877511551,10.44162122332305,10.682945957361763,10.526915815258636,8139580
2023-01-20,sh.301662,10.251669554309114,10.272231245636961,10.068980248325285,10.182277263748254,5932048
2023-01-23,sh.301662,10.085426163134322,10.201271134893139,10.14601687085709,10.082570942771127,7768419
2023-01-24,sh.301662,9.89794974706492,9.797404213902718,9.743242936121094,9.895005375462286,4861460
2023-01-25,sh.301662,10.062231424907003,10.068437794141241,10.0221091806382,9.968696757563926,8102983
2023-01-26,sh.301662,9.753801009864421,9.84643894710782,9.920333307574122,9.804396078963462,4053380
2023-01-27,sh.301662,9.55592616922426,9.62215882932908,9.65334155346514,9.546749759183122,1311385
2023-01-30,sh.301662,9.78680694129915,9.849607235964726,9.665860443890928,9.832259045186513,7918863
2023-01-31,sh.301662,9.759215345715873,9.765828464777975,9.774429784620759,9.801803813505872,8916323
2023-02-01,sh.301662,9.79708303027857,9.74613566379905,9.850799191960222,9.827466818123337,4607323
2023-02-02,sh.301662,9.589492004703358,9.59775276548063,9.552926793142122,9.568237717382855,7514524
2023-02-03,sh.301662,9.434666407730766,9.378412690010121,9.387324880481774,9.480052026138887,7257838
2023-02-06,sh.301662,9.632652398908299,9.351248861479435,9.40688966190755,9.513189933579925,7415261
2023-02-07,sh.301662,9.23101773463327,9.355007225338383,9.097306513835827,9.3143445410514,1809359
2023-02-08,sh.301662,9.377065748961396,9.479542890997207,9.410801491421186,9.394621632869478,3201580
2023-02-09,sh.301662,9.25781224633335,9.07897949053741,9.380575251407674,9.29870152495479,2494139
2023-02-10,sh.301662,9.393311108544472,9.298463962092569,9.297614748274286,9.259330641916748,6473660
2023-02-13,sh.301662,9.18316768815068,9.240025662187119,9.141298034848951,9.165153141875724,4009828
2023-02-14,sh.301662,9.601316118315108,9.798862762482141,9.594845767318555,9.503257277030414,5152092
2023-02-15,sh.301662,9.372256586599475,9.515564887475639,9.461963226264421,9.513586660076097,1069518
2023-02-16,sh.301662,9.358704229812307,9.290572587758339,9.301689951055488,9.333778349913217,1176355
2023-02-17,sh.301662,9.57762710638463,9.560109967264761,9.497791568499043,9.49317291663645,9508851
2023-02-20,sh.301662,9.29242296460287,9.420182296710705,9.281737944814461,9.284783074693443,6201682
2023-02-21,sh.301662,9.433943357930918,9.373003463159785,9.405287881582412,9.334486238941818,7042060
2023-02-22,sh.301662,8.952913483492294,8.927543666836122,8.973541060100485,8.999466685225597,8230057
2023-02-23,sh.301662,8.909585533907638,8.866575086889432,8.866964538680884,8.785763599517088,7687764
2023-02-24,sh.301662,9.034250591520355,8.94812449608961,8.752614153749429,8.831229619505045,4199039
2023-02-27,sh.301662,8.93454688819848,8.978082871745858,8.842052050977824,8.967082922788958,3776374
2023-02-28,sh.301662,8.968716331822849,9.155215851525446,9.134295684139527,9.00885099013313,7683635
2023-03-01,sh.301662,9.132848108716173,9.162354448000604,9.08568893116679,9.002014231251241,3318620
2023-03-02,sh.301662,9.105415613064654,9.082437777881932,9.09797179323926,8.963825521928372,4487379
2023-03-03,sh.301662,8.682174718971453,8.702340213156036,8.738610932671792,8.727808943181659,8300259
2023-03-06,sh.301662,8.586811067251613,8.488249330577503,8.593975728075861,8.623043961208994,7295425
2023-03-07,sh.301662,8.53756545932174,8.637300116974073,8.661329868881431,8.561690986780686,3429151
2023-03-08,sh.301662,8.625510979956704,8.73625170467056,8.705026099357637,8.74305705521557,1041743
2023-03-09,sh.301662,8.730850044668385,8.795896286498692,8.818504057337213,8.811799815190927,9559556
2023-03-10,sh.301662,8.449811225807588,8.808068190996572,8.432297527740605,8.535519860379882,6521452
2023-03-13,sh.301662,8.533543382683867,8.625262144455258,8.527625853599444,8.599570676950904,7850322
2023-03-14,sh.301662,8.548085958119712,8.486765838105852,8.60978070457101,8.551051880834965,8950806
2023-03-15,sh.301662,8.476708427474597,8.440567337185863,8.441947552822706,8.45690111913753,9890401
2023-03-16,sh.301662,8.69781228459836,8.79770193657482,8.611834948831085,8.565011735430922,9714892
2023-03-17,sh.301662,8.653174250715189,8.750335060366877,8.676681040772674,8.740434734060821,2830314
2023-03-20,sh.301662,8.990792415771166,8.8614798283789,8.75416658961352,8.903156650686995,4777341
2023-03-21,sh.301662,8.75953090714771,8.859008339334453,8.642112807017858,8.778315523078012,9657116
2023-03-22,sh.301662,8.736920844190632,8.682840479316223,8.850464228166949,8.741244588033666,5585315
2023-03-23,sh.301662,8.866548382482254,9.032645236158546,8.734040746792726,8.807116245360787,6898931
2023-03-24,sh.301662,8.87647799199468,9.074226560734628,8.80445455540743,8.977267754003488,5976563
2023-03-27,sh.301662,8.945329973485192,8.905315553874868,9.013577116256128,8.911252475511768,2770403
2023-03-28,sh.301662,8.908604032513413,9.022724707772104,8.820979658896292,8.893800105843182,5371272
2023-03-29,sh.301662,8.770033849050478,8.775984800292177,8.592841144400532,8.727057344845072,8568370
2023-03-30,sh.301662,8.574749768398744,8.647872977131252,8.646003645079661,8.550025774811951,5929426
2023-03-31,sh.301662,8.901996763766283,8.94514766347475,8.768382721960226,8.688663984791315,1506995
2023-04-03,sh.301662,8.85807658372591,8.83947855218194,8.767931351629844,8.914930661120154,3185454
2023-04-04,sh.301662,8.868732086279715,8.858696785996262,8.844653894535776,8.916076179297427,7262094
2023-04-05,sh.301662,9.034227055922505,9.184508449068877,8.984405437057822,9.090875988413327,8928248
2023-04-06,sh.301662,9.1123190622361,9.13254244953767,9.081283486146116,9.16321864518875,3072723
2023-04-07,sh.301662,9.011193747469209,9.032391503116582,8.975987381070915,9.068998375691503,6227528
2023-04-10,sh.301662,9.249645960264132,9.161300503187775,9.262210719296043,9.140958453154454,1565635
2023-04-11,sh.301662,9.54102598769336,9.581441684625258,9.30886826400098,9.407393562512743,1527409
2023-04-12,sh.301662,9.360360666004494,9.608259220667673,9.25088282439976,9.41409124286333,1287635
2023-04-13,sh.301662,9.611983672274983,9.58918872966757,9.634032673140512,9.692661076930921,1583510
2023-04-14,sh.301662,9.290103118378521,9.29235313087813,9.250533716858913,9.246513614775084,5722340
2023-04-17,sh.301662,9.343855358529385,9.52842938740612,9.486919828951784,9.395740804432371,5778972
2023-04-18,sh.301662,9.482858795212454,9.475306514538081,9.374756923445894,9.423216261239162,7335787
2023-04-19,sh.301662,9.40450894046922,9.447052286491688,9.331773430674073,9.385463674060915,2693481
2023-04-20,sh.301662,9.270981563670288,9.313658485933644,9.276747281390554,9.413668692888075,4061342
2023-04-21,sh.301662,9.232597446381027,9.27214131650049,8.989674742565468,9.091899823709404,1600198
2023-04-24,sh.301662,9.232052635870904,9.21477537882067,9.099479304482285,9.069181234940046,1397891
2023-04-25,sh.301662,9.083431245941185,9.229526849085804,9.03214565485213,9.139436680291997,4081362
2023-04-26,sh.301662,9.355338602129843,9.50326690179131,9.450731653619657,9.391750565577885,5694505
2023-04-27,sh.301662,9.34469519431307,9.586682023522462,9.320252694243026,9.31805809114285,4647965
2023-04-28,sh.301662,9.22809752004137,9.281586634524029,9.21337235157436,9.197336403940442,2041566
2023-05-01,sh.301662,9.188722915025277,9.21865943582337,9.108039521740137,9.12860699647518,6081502
2023-05-02,sh.301662,9.475341890694976,9.493760467851269,9.322945555869323,9.288621597748211,2619282
2023-05-03,sh.301662,9.338697513933981,9.322211777408464,9.350975341957477,9.35525137186159,4434078
2023-05-04,sh.301662,9.206618182754324,9.312119491138036,9.130567173670263,9.280705801440947,4297466
2023-05-05,sh.301662,9.247869727113944,9.349510992375395,9.288261114788357,9.377211407103697,5441971
2023-05-08,sh.301662,9.337244522724124,9.421841203677088,9.487254555066187,9.405995771372755,5850825
2023-05-09,sh.301662,9.57553559636001,9.704917562807369,9.408003566824636,9.57870873260352,8323777
2023-05-10,sh.301662,9.643345135384735,9.546280761880263,9.342470707953337,9.473340557472786,7805697
2023-05-11,sh.301662,9.382937037482886,9.539267451350863,9.504189232523526,9.431756876774694,6595095
2023-05-12,sh.301662,9.4008966813408,9.524717307995793,9.31521164184245,9.379905582771455,8438096
2023-05-15,sh.301662,9.15182167170481,9.14251771684725,9.197853025759336,9.153324912742432,4053407
2023-05-16,sh.301662,9.322615789201315,9.124803409362398,9.188852187163002,9.213127600522517,2417231
2023-05-17,sh.301662,9.501794697897788,9.44404070055539,9.240340953394638,9.2676084937658,1407974
2023-05-18,sh.301662,9.231946068652935,9.401594032580538,9.253586470358853,9.281217152261215,4604724
2023-05-19,sh.301662,9.211035294733817,9.254222725561629,9.283228226818986,9.256339471038462,7818922
2023-05-22,sh.301662,9.137363757391757,9.046053877391236,9.105386125606357,9.042940906311577,7847575
2023-05-23,sh.301662,9.051714243195123,9.006023459754232,9.072778810720816,8.990409406569164,2151882
2023-05-24,sh.301662,9.115715172773308,9.192343700074755,9.024878621379665,8.950426982011841,7456182
2023-05-25,sh.301662,8.892151537393243,8.940767914783507,8.84646811203263,8.840529195687653,9118612
2023-05-26,sh.301662,8.797326528189684,8.80795317034635,8.860294271589892,8.829048601506642,7999366
2023-05-29,sh.301662,8.955019559087326,8.922170361261813,8.841717630896536,8.902436885573351,3471321
2023-05-30,sh.301662,9.302410803164179,9.26596785078525,9.06357289888192,9.200405577102693,1700270
2023-05-31,sh.301662,9.316401581585854,9.230466144568526,9.294184542876987,9.240584234503222,9479025
2023-06-01,sh.301662,9.341067879642159,9.491961219306736,9.271672157635141,9.293922225719772,5622942
2023-06-02,sh.301662,9.394075013392653,9.363795986731422,9.248482992052855,9.294928365106617,1192458
2023-06-05,sh.301662,9.109798640848338,9.220679331235468,8.962007822108054,9.004509310538936,5718912
2023-06-06,sh.301662,9.137845755092396,9.276861269364531,9.006422008308736,9.013268060211864,4896937
2023-06-07,sh.301662,9.093815601826288,9.184600154036799,8.968100477665878,9.035203344367545,6497963
2023-06-08,sh.301662,9.406803808096793,9.381880951427151,9.361439595251522,9.42255059376598,5102553
2023-06-09,sh.301662,9.418444884452835,9.456469980493141,9.521044761798315,9.404646980172185,9434858
2023-06-12,sh.301662,9.579562150383593,9.577244317231713,9.383092947267004,9.465361712608521,1475147
2023-06-13,sh.301662,9.395214139993113,9.386995126613556,9.311851265787364,9.472599181677886,4017193
2023-06-14,sh.301662,9.332931952887705,9.363204183933657,9.369625616806058,9.298650311105234,3112368
2023-06-15,sh.301662,9.452448260284328,9.377887003417428,9.448862206017571,9.489775229464438,7818753
2023-06-16,sh.301662,9.625349849148884,9.73966814537454,9.556829949123095,9.622583854458165,1876336
2023-06-19,sh.301662,9.888354175953566,9.842411172033957,9.783968539739577,9.763532117738082,7436737
2023-06-20,sh.301662,9.645049202184554,9.664451149968434,9.523360887648414,9.626652758481583,5898107
2023-06-21,sh.301662,9.87069495751572,9.89865743916768,9.632891132257766,9.866113474980772,6782197
2023-06-22,sh.301662,9.514853318366958,9.621051347460329,9.589638736475028,9.646025386951905,5071867
2023-06-23,sh.301662,9.82635499969237,9.88400561538652,9.88826977925626,9.753568645857744,8110953
2023-06-26,sh.301662,10.18953442985436,10.14114395825417,10.093425266023424,10.124184420947595,2418060
2023-06-27,sh.301662,10.183706235066435,10.272436592273554,9.896145592291571,9.968071458419708,5228087
2023-06-28,sh.301662,9.855782634666808,9.753143857090686,9.878536322649486,9.886210238041194,5228456
2023-06-29,sh.301662,9.937194464206886,9.94975304878946,9.77136714290992,9.915464690847493,5639022
2023-06-30,sh.301662,9.86944213144752,10.060803606979432,9.976674856949302,9.844890580660177,6796260
2023-07-03,sh.301662,9.755007042993755,9.657424651825208,9.5369715125992,9.603516063871599,9537333
2023-07-04,sh.301662,9.618018827927035,9.561945295732745,9.676290635738658,9.627193112857853,9879823
2023-07-05,sh.301662,9.497458244522251,9.54626642795893,9.30818919430314,9.471032026455838,6997804
2023-07-06,sh.301662,9.615639595058417,9.632907531988112,9.36710420032627,9.557539645140832,3268693
2023-07-07,sh.301662,9.443442732376965,9.47655428500434,9.498117155058862,9.425853230313871,4924152
2023-07-10,sh.301662,9.634507522020925,9.7250542038711,9.68745464561784,9.677712081873826,8688659
2023-07-11,sh.301662,9.584507615257145,9.64534254274712,9.483713410085606,9.565941080892584,9710506
2023-07-12,sh.301662,9.630613524458207,9.737484427518533,9.565201540497304,9.528314514602933,1685338
2023-07-13,sh.301662,9.568387215819309,9.70724662353909,9.572732336990486,9.667626884882605,4502415
2023-07-14,sh.301662,9.49847946481129,9.475563656030062,9.483457827927978,9.485866139515569,7334625
2023-07-17,sh.301662,9.466973217917863,9.597842080270448,9.648708161486653,9.53372078154766,9443353
2023-07-18,sh.301662,9.865448548852298,10.052880423628324,9.75029315491544,9.748944120781136,2683032
2023-07-19,sh.301662,9.361476295253434,9.493666097304361,9.426044997324231,9.506274625481552,6232651
2023-07-20,sh.301662,9.494097736647202,9.454417778485789,9.54091529936755,9.547460579686714,6954632
2023-07-21,sh.301662,9.636581781633703,9.7432665157182,9.461774067618762,9.600368053286806,3118219
2023-07-24,sh.301662,9.886873639839798,9.874971706273538,9.856792434676452,9.734478046895115,3148185
2023-07-25,sh.301662,9.546035280876687,9.344775693892743,9.468406426843806,9.552315953554665,9433864
2023-07-26,sh.301662,9.310162789988773,9.441478169760481,9.336134692926388,9.362141354477178,8037449
2023-07-27,sh.301662,9.630862481010256,9.579305759598947,9.479481855052082,9.453036025539063,9890872
2023-07-28,sh.301662,9.373013822045731,9.50212014552324,9.29893215498324,9.510730522035942,4346145
2023-07-31,sh.301662,9.351378539958567,9.593362708012224,9.319579056173401,9.561620010294297,3183955
2023-08-01,sh.301662,9.669730819482506,9.688151625729118,9.57243398587075,9.627369004701864,1479809
2023-08-02,sh.301662,9.487608286178132,9.603131221535298,9.395750718099912,9.535481574233938,3650432
2023-08-03,sh.301662,9.485663337372115,9.541798544460248,9.517090135209376,9.583533526788402,5175282
2023-08-04,sh.301662,9.709319428213021,9.759138509162618,9.70005250113999,9.64102659474331,6455483
2023-08-07,sh.301662,9.567477126198398,9.542645057188748,9.647777304679773,9.544208278292112,7864547
2023-08-08,sh.301662,9.78367917341134,9.911872776800655,9.864434691528034,9.839179884580002,2767413
2023-08-09,sh.301662,9.799218388826809,9.987388567622705,9.51023018559809,9.92630531236654,3573697
2023-08-10,sh.301662,9.835491421326285,9.743486428034922,9.629061614241856,9.750423140102141,4600952
2023-08-11,sh.301662,9.928854046859787,10.036679626149805,9.997993179320945,9.864713563070454,2971277
2023-08-14,sh.301662,9.715192878083247,9.672715995273636,9.843672219312444,9.724837569744183,6546510
2023-08-15,sh.301662,10.040553383159398,10.1216868577626,9.810997848053628,9.858502626403894,8896403
2023-08-16,sh.301662,9.944458648923808,10.088943632825849,9.89003612744844,10.052023824578093,7097020
2023-08-17,sh.301662,9.782280894850908,10.116425807570723,9.728587536293734,9.933823878553575,6354342
2023-08-18,sh.301662,10.027982730902718,10.075285312924713,10.053549653851718,10.097850573908138,2196311
2023-08-21,sh.301662,10.172049579699157,10.141139843675571,10.184810849226498,10.176688726686553,1142157
2023-08-22,sh.301662,10.347220687919988,10.34521129844206,10.288258877467396,10.322102939468564,5788109
2023-08-23,sh.301662,10.62025785948833,10.613663367876299,10.611135800736712,10.64593970475384,2462603
2023-08-24,sh.301662,10.654338040227563,10.739566554585895,10.85258270100804,10.616960457989421,1136645
2023-08-25,sh.301662,10.370648288408727,10.332339704806465,10.394479999863742,10.502086035505478,2652131
2023-08-28,sh.301662,10.51615331167765,10.405346453062025,10.454746586942125,10.366485661017549,2186837
2023-08-29,sh.301662,10.237184802250974,10.136198850645096,10.219248085502663,10.24560168476842,9730829
2023-08-30,sh.301662,10.360440017590165,10.458896065639191,9.940093795621301,10.245962307818814,8845219
2023-08-31,sh.301662,10.34899893788484,10.526030297644658,10.275750662178122,10.313651440262012,1053687
2023-09-01,sh.301662,10.418641796498434,10.407759606559774,10.403787696210058,10.371270683783102,3490272
2023-09-04,sh.301662,10.578759354615388,10.560900110780802,10.421863821946175,10.518826522823948,7843308
2023-09-05,sh.301662,10.580928192702237,10.588340361778677,10.482922393068021,10.533767613404692,6173395
2023-09-06,sh.301662,10.856684283470655,10.982825742542973,10.742034450662821,10.787351520064284,3629137
2023-09-07,sh.301662,10.897971580060446,10.796908899049557,10.689754038609266,10.755020947026766,5776415
2023-09-08,sh.301662,11.251151938017227,11.277971194437825,10.998153397165067,11.229084409987951,8208387
2023-09-11,sh.301662,11.434240940610238,11.54574738724668,11.482140640482283,11.353742479801522,7892180
2023-09-12,sh.301662,11.201290635186522,11.267530646372007,11.148237729721401,11.211351219041909,4861607
2023-09-13,sh.301662,11.19248580638482,11.21370470191415,11.135802277198676,11.03358918899217,5124390
2023-09-14,sh.301662,11.055102084005961,11.241807471798783,10.993689593863262,11.130387165986084,3656222
2023-09-15,sh.301662,11.303863515790379,10.998293826874974,11.205899018884496,11.103889087586463,5434315
2023-09-18,sh.301662,11.237126021600737,11.317844740030461,11.284026056417881,11.241640434017846,2553744
2023-09-19,sh.301662,11.176208937715513,11.264274507850963,11.209188803084867,11.338436463606264,5266988
2023-09-20,sh.301662,11.35269806365151,11.144871838217519,11.227533571658789,11.338173363003264,6693014
2023-09-21,sh.301662,11.123164078839412,11.256689855598227,11.021002884050304,11.199438037219771,9121485
2023-09-22,sh.301662,11.037768424449641,11.189389673607392,11.082106807713837,10.945753652481855,6459501
2023-09-25,sh.301662,10.811354987059453,10.867418318093591,10.805415865310273,10.882375982237377,8575327
2023-09-26,sh.301662,10.990683102775852,11.145138285263661,11.068670775972471,11.03994149275312,5013582
2023-09-27,sh.301662,10.880001153097485,11.268336860843577,11.016926501890751,11.089542576964782,3872875
2023-09-28,sh.301662,10.837965130944907,11.030366144031868,10.861485363198105,10.887208663720749,2841646
2023-09-29,sh.301662,10.664247626086839,11.108391509806191,10.697144994531625,10.92915720823195,6800545
2023-10-02,sh.301662,10.832709779473014,11.08873711706055,10.569830625336579,11.007050767359733,8970564
2023-10-03,sh.301662,10.951997157175553,10.96025864716361,10.822285166871715,10.869345064279873,9038508
2023-10-04,sh.301662,10.993558560209275,10.817445510563827,11.058113076789185,10.907844699257124,2596246
2023-10-05,sh.301662,10.976902495685062,10.94989245628458,10.992130337720791,10.930398289628624,9194253
2023-10-06,sh.301662,10.647241348661671,10.660543763414047,10.538492204102388,10.751202915958402,5428622
2023-10-09,sh.301662,10.817550228378673,11.057668811020754,10.591631882432525,10.822713891947888,3469930
2023-10-10,sh.301662,10.92780750218664,10.90898003945068,11.101120705564808,10.928201194906583,1131936
2023-10-11,sh.301662,10.9931952649742,11.13573179495581,11.199859023466402,11.122028920713529,9226036
2023-10-12,sh.301662,11.484889291039662,11.548226775934184,11.103087384787687,11.3147830350422,6152030
2023-10-13,sh.301662,11.184612322663462,11.189489087253417,11.044138381888708,11.087336215677766,5842256
2023-10-16,sh.301662,10.916918412312905,11.126551443917576,11.01170922143189,10.941094310965052,3469970
2023-10-17,sh.301662,11.042547979246272,10.973791624734275,10.980559090462435,11.039579895569878,6062581
2023-10-18,sh.301662,11.16194942625612,11.183671411989426,11.43232725134876,11.138738210802524,6312470
2023-10-19,sh.301662,11.009527783227128,11.155552074278178,11.009156155890489,11.238998331013045,3578682
2023-10-20,sh.301662,11.883403550222456,11.755597125534882,11.844447237330439,11.912849419601446,2504900
2023-10-23,sh.301662,11.949089685498855,11.957537369466634,11.838647817589194,12.031140166287472,9580504
2023-10-24,sh.301662,12.133421053297662,12.251642121799781,12.256441318231657,12.256181418837762,6283422
2023-10-25,sh.301662,12.416334838987543,12.397881719144427,12.405695634113679,12.451335579770491,5607765
2023-10-26,sh.301662,12.817365771707312,12.728615642036841,12.707539112452137,12.591018724503806,8157676
2023-10-27,sh.301662,12.62196162543352,12.444456774837091,12.509560559970275,12.5415897428769,3380612
2023-10-30,sh.301662,12.630653511006297,12.692654509885413,12.743741602707509,12.703211586616705,9622587
2023-10-31,sh.301662,12.634076264086321,12.44396874447,12.61341379978145,12.562147570131197,9666712
2023-11-01,sh.301662,12.703837360290317,12.80039363376463,12.653279770084094,12.52851885063032,6219574
2023-11-02,sh.301662,12.561711598972535,12.57206744297907,12.365581411341,12.446625903482786,6569451
2023-11-03,sh.301662,12.482668938980689,12.300727610687334,12.36813616273938,12.475229913235033,5791882
2023-11-06,sh.301662,12.852203997091772,12.895892084439259,12.88235791136184,12.935891033712778,7862758
2023-11-07,sh.301662,12.658418682376197,12.56320757541023,12.565840727368371,12.570647490922394,1995893
2023-11-08,sh.301662,12.767221543886334,12.807971260743166,12.90140129046572,12.717181294056633,3670492
2023-11-09,sh.301662,12.522456553205544,12.690313877926041,12.448544901303718,12.411350980712362,8354421
2023-11-10,sh.301662,12.412249778554719,12.179498687843596,12.340100462584742,12.33390827117092,3977299
2023-11-13,sh.301662,12.684681069666375,12.699271760953167,12.223945077097552,12.55293143691803,3934317
2023-11-14,sh.301662,12.510835504226378,12.558016479657422,12.649951869682223,12.578158236071639,5537454
2023-11-15,sh.301662,12.545240576691045,12.629461804369498,12.200823100140603,12.382119272199326,9151168
2023-11-16,sh.301662,12.283519660643925,12.309707710389333,12.13708748033409,12.259295341511027,2546064
2023-11-17,sh.301662,12.656395437978421,12.561223225781232,12.364285799506506,12.399082137807827,4240641
2023-11-20,sh.301662,12.188940631107911,12.234369117888896,11.974583424362864,12.273528292952717,3715548
2023-11-21,sh.301662,12.540704722675908,12.440877470458032,12.280848981066658,12.326717370996919,1779091
2023-11-22,sh.301662,12.372485885004414,12.505614716349164,12.299994203556084,12.348047766926546,2706930
2023-11-23,sh.301662,12.15885407505001,12.241186620817064,12.165312937734127,12.238578377990708,6967520
2023-11-24,sh.301662,12.58717959402865,12.888853214948515,12.433166781341967,12.648383329195514,1964795
2023-11-27,sh.301662,12.742642304173547,12.775839571817894,12.602923151733714,12.783594204096858,2578458
2023-11-28,sh.301662,12.452923596728237,12.364706243290824,12.47791165922169,12.40032563812835,9658123
2023-11-29,sh.301662,12.51318431708474,12.323770445102856,12.612322452495738,12.448101226287129,6981804
2023-11-30,sh.301662,12.265469626949022,12.113802965717817,12.290366155377374,12.336242651526703,8583491
2023-12-01,sh.301662,12.504413477299744,12.309324454724846,12.60445360736988,12.507459618091938,1671986
2023-12-04,sh.301662,12.63545031498198,12.66920297024861,12.378300273388536,12.370442002728263,9526508
2023-12-05,sh.301662,12.57544247237474,12.639416895013596,12.208914876523517,12.361885562641659,8845772
2023-12-06,sh.301662,12.522801948797227,12.324792568748947,12.525417567798502,12.468399371111579,9048056
2023-12-07,sh.301662,12.64829986777437,12.761506997670189,12.648909271982486,12.643494899950369,7989875
2023-12-08,sh.301662,12.442276945383789,12.382173151518051,12.42014952577147,12.427360220035624,9901674
2023-12-11,sh.301662,12.453823378586925,12.472104721031712,12.27286506210274,12.377882842703425,5008146
2023-12-12,sh.301662,12.177021540186072,12.501203372013345,12.45062573836952,12.30285421843947,3361331
2023-12-13,sh.301662,12.164600640028798,12.305368693045944,12.238403307968875,12.195990257457932,2158343
2023-12-14,sh.301662,12.318842869305435,12.494239897821089,12.29281516324506,12.527881098102696,1541529
2023-12-15,sh.301662,12.666821055459467,12.553935331005945,12.465045856223258,12.616453256805613,5348530
2023-12-18,sh.301662,12.471576521417472,12.20321121704104,12.452333514663785,12.391380013099553,9283161
2023-12-19,sh.301662,12.512201631256964,12.482533630570359,12.746999689553732,12.572952435335846,6156758
2023-12-20,sh.301662,13.187498034851954,13.159655238755574,12.90268701437836,12.983145050301463,3153548
2023-12-21,sh.301662,13.03571296354772,13.067200328698297,13.118536980833369,13.19748318075796,9507528
2023-12-22,sh.301662,12.718531027763703,12.890603834132365,12.869839150927072,12.907545887390201,1406547
2023-12-25,sh.301662,12.855574730540663,12.865454481786255,12.906868218256918,12.82678477884178,2657583
2023-12-26,sh.301662,13.218936732434857,13.189213162460552,13.106095321072996,13.08195579535324,1063014
2023-12-27,sh.301662,13.174091224472859,13.088459291513749,13.0342731040745,12.955922851886033,7477006
2023-12-28,sh.301662,12.994635385685001,13.076557710827965,13.281240652995455,13.054540618171625,6910494
2023-12-29,sh.301662,13.361049255660918,13.420097163530675,13.099885841465673,13.21846421569227,2235382
2024-01-01,sh.301662,13.042575816679548,12.905329335110668,12.876299272852846,13.047600247841563,6228298
2024-01-02,sh.301662,13.026287105021174,13.232922845075336,12.941417979876938,13.0488129184366,5532889
2024-01-03,sh.301662,12.541924832714253,12.529559983269184,12.573505483634925,12.432067631652096,9745386
2024-01-04,sh.301662,12.338758963610502,12.341084773151216,12.283492486558357,12.258792058396455,8775679
2024-01-05,sh.301662,12.03390490339468,12.31323563441338,12.034689672267845,12.226644772653108,4132293
2024-01-08,sh.301662,12.196016616098083,12.224459694218401,11.946591311716508,12.018557761297414,5032371
2024-01-09,sh.301662,12.483025443143102,12.60200573166241,12.230800114959978,12.313093504262682,3602352
2024-01-10,sh.301662,11.995473860695144,12.105644159519086,12.08354148681969,12.070985443333281,2531817
2024-01-11,sh.301662,12.055113281845026,11.981283262551763,11.997741141263498,12.007586828895693,7767835
2024-01-12,sh.301662,12.102306003664854,12.14605626649933,11.987741468296601,12.04281088262773,3015074
2024-01-15,sh.301662,12.335653795481544,12.194567690178276,12.124463298877059,12.303581586030024,6715175
2024-01-16,sh.301662,11.995817087585857,12.075290658155273,11.911305771698403,12.062195973696042,8745863
2024-01-17,sh.301662,12.192530047254396,12.270892653173679,12.096324073556264,12.274971625096308,5720058
2024-01-18,sh.301662,12.28641921163128,12.263983049031431,12.276119920712905,12.289559694440133,7619511
2024-01-19,sh.301662,12.271878827092426,12.25610485944128,11.958547631530498,12.129631122984078,2802502
2024-01-22,sh.301662,12.288578608456133,12.057326109207674,12.172057263067087,12.22213904173054,2462538
2024-01-23,sh.301662,12.224112267932295,12.202258839264491,12.329372620797503,12.269585108833134,7379878
2024-01-24,sh.301662,12.27142608817804,12.282819481598215,12.006558125304224,12.17745284160953,6745980
2024-01-25,sh.301662,11.854708144338577,12.221801888873472,11.771973748249287,12.202295739163992,3026819
2024-01-26,sh.301662,12.288002120651981,12.161721377541587,12.202267910935335,12.148444951915787,6209995
2024-01-29,sh.301662,11.968804217446616,12.334886022616617,12.026193791951057,12.180713773314489,4934053
2024-01-30,sh.301662,12.26278295416968,12.200786457825858,12.226414538773922,12.307389974254523,8632749
2024-01-31,sh.301662,12.455549739002413,12.718708513017875,12.397857526444362,12.596589964585373,6864075
2024-02-01,sh.301662,12.226437576137938,12.439723017661615,12.20231576043799,12.386807275365342,1732722
2024-02-02,sh.301662,12.921918493510521,12.838413527249699,12.733873228952499,12.7736386740591,6080692
2024-02-05,sh.301662,12.371376622401954,12.650172025677316,12.161068493172813,12.429509588062498,7025261
2024-02-06,sh.301662,12.458649280623057,12.309938254070175,12.282589826868417,12.415628645425386,9245044
2024-02-07,sh.301662,12.525590169183685,12.646653537041443,12.50171193630523,12.531470007453253,4875416
2024-02-08,sh.301662,12.654136115435604,12.780751163907745,12.4755081261112,12.594057320214299,6038460
2024-02-09,sh.301662,12.505464693474785,12.421600520001398,12.624887928031558,12.495865133574833,8317619
2024-02-12,sh.301662,12.312007376569278,12.645691039764456,12.263014568826462,12.47202245486424,7038602
2024-02-13,sh.301662,12.521922247026328,12.490611616886847,12.17407603261503,12.398401090816552,5101599
2024-02-14,sh.301662,12.24813236435798,12.344443444360802,12.27483891424069,12.308908409947392,2390598
2024-02-15,sh.301662,12.273335767934862,12.499856444051069,12.37736872607722,12.467401076322204,5546925
2024-02-16,sh.301662,12.488760412679556,12.525610955247034,12.570198231653647,12.542456570816787,5879797
2024-02-19,sh.301662,12.620127068794435,12.722452103151497,12.569009502003535,12.433529655173006,4775702
2024-02-20,sh.301662,12.709294997639839,12.810141819907816,12.701045651964138,12.602148788665117,5090284
2024-02-21,sh.301662,12.624954425878776,12.447601890810441,12.671730904469957,12.669125602703414,7770161
2024-02-22,sh.301662,12.781337852422537,12.99343054283602,12.960988121885984,12.826134113981832,7898410
2024-02-23,sh.301662,12.910789244096865,12.737115435074804,12.908772793917192,12.95244885962041,3455918
2024-02-26,sh.301662,13.079992004578573,13.215048965550041,12.698263295452584,12.813880009857943,9053048
2024-02-27,sh.301662,12.774691959570573,12.918625070092954,12.841608360363347,12.726086523455834,9093212
2024-02-28,sh.301662,12.926901498950619,12.785873343130081,12.67599311307078,12.87154847984888,9699043
2024-02-29,sh.301662,13.12819906124909,13.074266543754359,12.927946762636585,12.994320724857056,9547085
2024-03-01,sh.301662,13.034346609737982,12.89022523076747,12.869286702625166,13.00329614821992,8588173
2024-03-04,sh.301662,13.003702043242122,13.009454322471601,13.089244888562543,13.037474597199536,8955229
2024-03-05,sh.301662,13.25766577626564,13.242829896909143,13.144375677687272,13.283748396194396,8110928
2024-03-06,sh.301662,13.176226197676067,13.288470745392452,13.320101878321259,13.18566730152611,4730370
2024-03-07,sh.301662,13.294825192959046,13.474043790690912,13.176468343938145,13.299775666913062,4688173
2024-03-08,sh.301662,13.371298947519149,13.557920002222001,13.251897077457961,13.274708248471653,7705836
2024-03-11,sh.301662,13.253787044626362,13.179278491550695,13.173617153984281,13.246905822055037,9009806
2024-03-12,sh.301662,13.562326475459143,13.533951121883838,13.621964482796828,13.463686115109342,2980407
2024-03-13,sh.301662,13.622079292057762,13.403578917194755,13.744006415691977,13.633083450782584,7143192
2024-03-14,sh.301662,13.813623580042787,13.702303722512763,13.720335709961931,13.802769745784296,4277746
2024-03-15,sh.301662,13.790261308665487,14.2072053445584,13.92104097656352,14.071436856250589,1801125
2024-03-18,sh.301662,14.217545267447898,14.447241486718982,14.023190329323246,14.088448911138812,3386537
2024-03-19,sh.301662,14.287784469570168,14.111423363153394,14.433109112968998,14.238449881583968,3998778
2024-03-20,sh.301662,14.329555779786483,14.244658283295871,14.067619913915147,14.187958519380373,3693695
2024-03-21,sh.301662,13.853257078304729,14.26268273674749,14.024001701649654,14.26644990083497,2768693
2024-03-22,sh.301662,14.550338104623732,14.591102500469818,14.17397097189962,14.252688561944897,6254230
2024-03-25,sh.301662,14.265271195673071,14.169558291677117,14.176023246304448,14.285211869803309,4856600
2024-03-26,sh.301662,14.579122511375276,14.640946890570714,14.519799801978644,14.419329974311275,1101894
2024-03-27,sh.301662,14.11500224643364,14.195742176240275,14.03284918341479,14.26332743382329,2408277
2024-03-28,sh.301662,14.790770994110337,14.788633391821282,14.662402200826804,14.70068900800488,7188753
2024-03-29,sh.301662,14.348045863075118,14.5800151259715,14.425359139731096,14.500799542237663,4567945
2024-04-01,sh.301662,14.173103881902756,14.262982172536494,14.316047384982674,14.262066224162965,4666569
2024-04-02,sh.301662,14.786638134000503,14.722111331500503,14.793688653727278,14.508932614644797,4229112
2024-04-03,sh.301662,14.657435769315326,14.669341635514801,14.606186038214991,14.685438315658242,2048966
2024-04-04,sh.301662,14.861583149672077,14.848451015016265,15.061389203380731,14.8293392911777,8820783
2024-04-05,sh.301662,15.10607506769986,15.050180923767098,14.961497142693066,14.97577567612159,8875889
2024-04-08,sh.301662,15.060208304239355,15.02123307811852,15.025405938523523,14.985925784381163,5216794
2024-04-09,sh.301662,14.82778740753539,15.064831411374406,14.704966510972243,14.805517110796483,3089632
2024-04-10,sh.301662,14.888473668296415,14.9719860126035,14.879140572362981,14.834334133732753,8834112
2024-04-11,sh.301662,15.05710650661467,15.012615720422934,14.752156189667476,14.703715125675156,5799412
2024-04-12,sh.301662,14.911616375914178,15.024200306510384,14.802482624123007,14.920213223288282,8729578
2024-04-15,sh.301662,14.931647469295077,14.881802719900909,14.851751055781014,14.901680332202506,1312579
2024-04-16,sh.301662,14.894026616966821,15.068752112739169,14.692570130589353,14.739168891077725,7807040
2024-04-17,sh.301662,14.847179883928064,14.902061325130608,14.615924050017828,14.684835222333025,7355421
2024-04-18,sh.301662,14.958791659151101,14.942740554983706,15.010317674085377,14.783309297623585,2563825
2024-04-19,sh.301662,14.771907714182898,14.838044045284368,14.567071301913973,14.678153909129332,4518920
2024-04-22,sh.301662,14.354881133247074,14.292750570047067,14.266961965888191,14.52085522180276,5028604
2024-04-23,sh.301662,14.821430661773672,14.654427602649783,14.731488862468606,14.58322368763386,8433980
2024-04-24,sh.301662,14.478200525729358,14.471231970179273,14.513538986152058,14.646095365205515,2524631
2024-04-25,sh.301662,14.59877742217357,14.61964536641849,14.560450717834204,14.55472964838789,6224369
2024-04-26,sh.301662,14.362565227843088,14.722446684600216,14.38188241623214,14.471721931454,5961914
2024-04-29,sh.301662,14.521937143788957,14.85549321623545,14.4734542092956,14.53125725192952,8595853
2024-04-30,sh.301662,14.297819225639541,14.389046618690742,14.046983788240306,14.25096740171809,8650961
2024-05-01,sh.301662,14.032097374865796,14.102376359286636,13.835840343009403,13.987148663400202,1906395
2024-05-02,sh.301662,13.921205969563083,13.670477012760935,14.044625516344725,13.862716292424587,2944606
2024-05-03,sh.301662,14.058584366113655,13.982292112145254,13.749256824914738,13.835322212460603,9288515
2024-05-06,sh.301662,13.969459222833327,13.8594100928464,13.721582342030588,13.906388978712904,5805028
2024-05-07,sh.301662,14.162785102629364,14.109304594835882,14.108002243085492,14.197449116689775,1970278
2024-05-08,sh.301662,14.515381123972624,14.490974407868642,14.219928649816305,14.376776466842298,9884527
2024-05-09,sh.301662,14.528758611276325,14.46016971081613,14.069053456676212,14.35797473894927,6271513
2024-05-10,sh.301662,14.190647943648509,14.082652214978415,14.045376925994946,14.36701858662004,6005231
2024-05-13,sh.301662,14.2672315319813,14.373937619873024,14.147147031166018,14.182505235796196,3948134
2024-05-14,sh.301662,14.291231057094452,14.137922872637109,14.043406509972097,14.191722566791723,2347203
2024-05-15,sh.301662,14.10675914076869,14.1827116934271,14.08632016312943,14.14886098720776,7666781
2024-05-16,sh.301662,14.419178833085418,14.7182445223827,14.220105253692477,14.22350510427419,9855197
2024-05-17,sh.301662,14.055588814530923,13.94729258848217,14.104982154538574,14.076711706917614,2187018
2024-05-20,sh.301662,14.205845832319236,13.846397087723481,13.96621146779607,14.188029008672633,6097579
2024-05-21,sh.301662,14.469539760891418,14.453170632368948,14.58796262212443,14.494625874315217,8411979
2024-05-22,sh.301662,14.488183152229148,14.647692200579854,14.263948722353684,14.485926382865344,3267357
2024-05-23,sh.301662,14.41809176216792,14.8633917560285,14.346020894120878,14.577905710665014,2799971
2024-05-24,sh.301662,14.515749957884477,14.546752247271215,14.718869743363966,14.727838323651277,1573881
2024-05-27,sh.301662,14.893546492169309,14.967522621908284,14.60589867981041,14.65979531363498,7296665
2024-05-28,sh.301662,14.592716507293948,14.648885469341987,14.899167422133575,14.717366916567464,6893868
2024-05-29,sh.301662,14.586623767280626,14.717073419394401,14.495383266231304,14.732682453999267,8609387
2024-05-30,sh.301662,14.44713290133811,15.155522216116216,14.319242332506205,14.765082733179813,6252807
2024-05-31,sh.301662,14.528922006847035,14.402583620059627,14.614984941646636,14.62235325073124,4878551
2024-06-03,sh.301662,14.446295504411768,14.677143270296254,14.428447439165133,14.639995794524408,4301394
2024-06-04,sh.301662,14.993693628269341,15.063818109564185,14.463205227167053,14.751472218104755,3827364
2024-06-05,sh.301662,15.206723320080497,15.371835842361293,15.130837043868468,15.054698402859431,4354513
2024-06-06,sh.301662,15.160004619853547,15.280008300308168,15.320535058971307,15.265051121840045,2613560
2024-06-07,sh.301662,16.084105441383844,16.133652614970437,15.496739038677424,15.729801754554579,3293673
2024-06-10,sh.301662,15.727489325012646,15.66589283837982,15.268918660482413,15.574583440055472,4475488
2024-06-11,sh.301662,15.724185764263162,15.817885239912835,15.723604649956568,15.775429309543776,4020745
2024-06-12,sh.301662,15.43281542967508,15.774110211320872,15.276718206281119,15.828432167853292,5644068
2024-06-13,sh.301662,16.69726077255603,16.801046251894203,16.104330086750892,16.323303268719833,4302923
2024-06-14,sh.301662,15.925930586752,16.090658055249047,16.04417811024364,16.15035142341737,6643893
2024-06-17,sh.301662,15.710473675840435,16.03353349314505,15.786717521353223,15.973298123004032,4195741
2024-06-18,sh.301662,16.014959882490633,16.010273454618495,15.657724561315575,15.852853292095794,9605094
2024-06-19,sh.301662,15.774904896580525,15.95253825272754,15.139723722780793,15.39920248343389,9815496
2024-06-20,sh.301662,15.513244926187076,15.505272091970106,15.215302542357602,15.301431370876983,1835988
2024-06-21,sh.301662,15.24173037007871,14.971489541900665,15.289609797528067,15.156262821767658,6104459
2024-06-24,sh.301662,15.2902704474278,15.48322165772121,14.89783789181745,15.199868569185153,9103670
2024-06-25,sh.301662,15.41332467717505,15.273721216937046,15.36404578837995,15.282898047405954,1550428
2024-06-26,sh.301662,15.802964298258006,15.699649837167305,15.736497225689742,15.683934435821147,3089706
2024-06-27,sh.301662,15.945491408761173,15.850510288294153,15.846345394511758,15.900779779676466,5305665
2024-06-28,sh.301662,15.803801466190043,16.021014933710447,15.541990113559754,15.787350872296352,3889190
2024-07-01,sh.301662,15.596080574285846,15.272558675254613,15.462893792897717,15.605848763161978,9785780
2024-07-02,sh.301662,15.604560047391429,16.216458254268076,15.539822111271544,15.7231067042109,8751938
2024-07-03,sh.301662,15.409382366647952,15.615944261926595,15.337992465581229,15.452754396929569,8660678
2024-07-04,sh.301662,15.579650549483782,15.88332828064375,15.572871116171365,15.847949490289889,1255658
2024-07-05,sh.301662,16.100175619111944,16.107177326678592,16.010314177074804,16.116024057023775,2730283
2024-07-08,sh.301662,15.866444020967482,16.07062405871245,16.267795254671586,16.02486440541238,7395300
2024-07-09,sh.301662,15.48882273692357,15.743279618142829,15.534763740483386,15.661663178661595,6029792
2024-07-10,sh.301662,15.990123876105732,16.093294647567088,15.922891848642124,15.961410232655574,7389690
2024-07-11,sh.301662,16.171277466847624,16.261125806663237,16.132841623737452,15.949263356273182,7766174
2024-07-12,sh.301662,16.37994961328497,16.394622883737817,16.168194830464106,16.23089857635491,1751993
2024-07-15,sh.301662,15.639277570027419,15.857456720233806,15.671255391828263,15.88881144975436,1828282
2024-07-16,sh.301662,15.61636058200876,15.748589675107056,15.342219167030276,15.772449176889516,9860369
2024-07-17,sh.301662,15.934866702363031,15.903808327696964,15.538030789103544,15.786353239452222,7615920
2024-07-18,sh.301662,15.653820933715139,15.98838312309372,15.72673730340417,15.80914377836391,8313367
2024-07-19,sh.301662,15.69069048358558,15.819359156505785,15.714357962040035,15.726016329435437,8359659
2024-07-22,sh.301662,15.957642345288688,15.488425643407444,15.882082902955,15.870347167570982,8663998
2024-07-23,sh.301662,15.503256612141847,15.75752975828614,15.573278539743928,15.654849478988885,6465513
2024-07-24,sh.301662,15.654321231971746,15.68480586144794,15.607345075620001,15.637842775996232,1317942
2024-07-25,sh.301662,15.466613700892562,15.672799227263877,15.583894259250542,15.675731961777718,4894456
2024-07-26,sh.301662,15.701130443016874,15.734752363471966,15.878649831564166,15.796123217042835,1337462
2024-07-29,sh.301662,16.01032352431431,16.190297607562037,15.85990832116301,15.9592886025457,6609210
2024-07-30,sh.301662,15.480441379456893,15.880091520785877,15.382987421205097,15.731035793872913,4928207
2024-07-31,sh.301662,15.490349822534242,15.37062836808812,15.546462905637632,15.422417967405156,9810381
2024-08-01,sh.301662,15.691591037261796,15.758558651526931,15.551095524736615,15.694673125612404,3430630
2024-08-02,sh.301662,15.863835368120016,15.709693343409135,15.8763127860219,15.776670846551362,5563167
2024-08-05,sh.301662,15.667541032701072,15.451388790638168,15.592961420610939,15.632537571565368,8463131
2024-08-06,sh.301662,16.18345178392334,16.08202730406028,15.834684473320545,15.965657791083895,3795126
2024-08-07,sh.301662,16.023114647250463,16.161296942040757,16.008453920225595,16.003074876328206,8614896
2024-08-08,sh.301662,16.197684918324565,16.422588615563658,16.124027418181228,16.267538630609092,6562632
2024-08-09,sh.301662,16.315003926592816,16.398713833028463,16.379228056342292,16.295075456192667,7398905
2024-08-12,sh.301662,16.849681289187433,16.971857618312647,16.791557083654805,16.758631971990148,6345708
2024-08-13,sh.301662,17.179598547418994,17.26827590493429,17.206557235250465,17.171208682780815,5266399
2024-08-14,sh.301662,17.13225417531047,17.02235391792904,17.25315652723712,17.125302725310487,3727364
2024-08-15,sh.301662,17.244091423335465,17.441006960952723,17.274574521635987,17.365999294890173,9476201
2024-08-16,sh.301662,17.41689232991432,17.673456299091246,17.686613511628767,17.533119540221755,6582266
2024-08-19,sh.301662,17.626670968050316,18.012268445687006,17.713245023006305,17.877420612016262,1902473
2024-08-20,sh.301662,17.95888624241242,18.17240184231638,17.700365234595555,17.650084469383238,1126202
2024-08-21,sh.301662,17.608518659118673,17.95659596981258,17.65362811863771,17.83030324595387,9507150
2024-08-22,sh.301662,17.97949392930927,18.16857352879527,18.022913947929045,18.104944027534096,2417158
2024-08-23,sh.301662,17.54644383606294,17.862542952980256,17.557281256702193,17.67341090407169,2835932
2024-08-26,sh.301662,17.55347687359608,17.54882147048721,17.314367720154955,17.397779900221853,3672762
2024-08-27,sh.301662,16.875347731652557,16.77600910257888,16.72776993442002,16.925268757402577,4716434
2024-08-28,sh.301662,17.087133492603694,17.059270022792287,16.98621558588365,16.876557583218865,1455433
2024-08-29,sh.301662,16.937414473732787,16.925237110425883,17.141205589561544,17.052259845010635,9478748
2024-08-30,sh.301662,17.459621470545386,17.3417378994835,17.592476498057824,17.411045669545235,2515554
2024-09-02,sh.301662,17.29571410637683,17.416204319834982,17.37997933074462,17.441410414319794,2584645
2024-09-03,sh.301662,18.223835049711766,18.079425750407676,17.903903187119532,17.84111649483772,4230786
2024-09-04,sh.301662,17.307334884766085,17.461406337115108,17.440600682542403,17.51534686724907,5676103
2024-09-05,sh.301662,17.17485284369224,16.849627311216352,17.34372452296287,17.121805942916204,4416403
2024-09-06,sh.301662,17.230308582902293,17.26705974687056,17.199890678322184,17.12179460708193,8639214
2024-09-09,sh.301662,17.29424724111905,17.29445571900862,17.191731642502372,17.222978710660072,8690115
2024-09-10,sh.301662,17.196261921730514,17.087414090129688,17.093939096273957,17.228183619826844,4621420
2024-09-11,sh.301662,16.740027719220148,16.87228935094994,16.833340492823805,16.76178798967618,4943439
2024-09-12,sh.301662,16.762114441636594,16.91927102107617,16.823970779981696,16.75477392855172,2251661
2024-09-13,sh.301662,16.454011878721253,16.21333771865764,16.6064909285389,16.478235214319355,2114100
2024-09-16,sh.301662,16.796026548989346,16.667919092685644,16.64090883528409,16.635678715909595,8816184
2024-09-17,sh.301662,17.09850794558853,16.966996079797262,16.870647049472417,16.728715834202628,2509390
2024-09-18,sh.301662,16.442075614156412,16.378846760742455,16.34784150573753,16.5342527147536,3007878
2024-09-19,sh.301662,16.210719868699094,16.572190064997834,16.500221682935496,16.43585875159789,5712037
2024-09-20,sh.301662,16.20750640955788,16.190385229409358,16.265793411771284,16.221827371041037,9704225
2024-09-23,sh.301662,16.639944348009934,16.59592922562362,16.17263332237866,16.221477381299078,8228840
2024-09-24,sh.301662,16.30213702708107,16.104895588645398,16.272168072327105,16.434214630512056,2804053
2024-09-25,sh.301662,16.502847139601627,16.607709205824523,15.799448495165182,16.236708521573547,7281328
2024-09-26,sh.301662,16.629295522361573,16.423215581595716,16.29769960361333,16.354909079591803,5470756
2024-09-27,sh.301662,16.16569488187175,16.2654268987906,16.328007284444638,16.25568443953819,9480171
2024-09-30,sh.301662,16.194382808539416,16.239302291694973,16.118133203549572,16.102760824168225,3827754
2024-10-01,sh.301662,16.355600362763894,16.578144245000857,16.379394605872978,16.093533801793438,5953799
2024-10-02,sh.301662,15.833583560053327,15.685819682324746,15.846345388707421,15.893841522373231,9239115
2024-10-03,sh.301662,15.763191152255365,15.318404943213071,15.894507370925837,15.795347377325543,9351184
2024-10-04,sh.301662,15.479463338149369,15.598656669706935,15.337765836043049,15.570031238157574,4739469
2024-10-07,sh.301662,15.801998246689935,16.251427445864312,15.888836591246376,15.963993949782758,9642979
2024-10-08,sh.301662,15.880112141657897,16.18192380953466,15.898654700029414,15.983891963001273,3199318
2024-10-09,sh.301662,15.6614307963809,15.88873508722395,15.760968247883424,15.855492554245807,6257386
2024-10-10,sh.301662,15.916274826016167,15.838024659566827,15.634185793286852,15.9108518558741,4094510
2024-10-11,sh.301662,15.778761176753317,16.029538277479215,15.82944930561666,15.90119613037534,1420888
2024-10-14,sh.301662,15.90703438156831,15.75217205286087,15.57910714491263,15.869932714670739,9295953
2024-10-15,sh.301662,15.755600716258652,16.080855068258646,15.627326215394914,16.004615837262232,6570090
2024-10-16,sh.301662,16.223096982309553,16.30509989644779,16.091646751476073,16.16959498886227,1190285
2024-10-17,sh.301662,16.20816756856262,16.380008166948542,16.014913737981793,16.07418458470661,4196699
2024-10-18,sh.301662,15.65236251646606,16.411516769294487,15.590723935769203,15.970777601911182,3211130
2024-10-21,sh.301662,15.988284025619318,16.05102460501374,16.235754884877842,15.928701670529284,2207739
2024-10-22,sh.301662,15.674961412978428,15.595181561042681,15.528043304610241,15.484858605352189,9176958
2024-10-23,sh.301662,15.02691891575729,15.207026312601329,14.899917712717365,15.210916399848688,4128411
2024-10-24,sh.301662,15.733351271993952,15.455016345609542,15.482095188603529,15.474528579972029,6130418
2024-10-25,sh.301662,15.863617693598984,15.753411058415786,16.01940727708641,15.797423486201742,3716826
2024-10-28,sh.301662,15.650596715607795,15.697208754533515,15.658798324828703,15.761718701121996,2488543
2024-10-29,sh.301662,15.877355316408487,15.802957102715165,15.606788428626084,15.886214911939597,6853294
2024-10-30,sh.301662,16.0491120417566,16.07356364587037,15.760999093668799,15.960003049492002,6929191
2024-10-31,sh.301662,16.592563670254037,16.45610311933666,16.590242246430538,16.579962005235927,3702303
2024-11-01,sh.301662,16.91778834766538,17.107441943275756,16.66702955226168,16.827131170129494,3437587
2024-11-04,sh.301662,16.657751279803524,16.81257470781417,16.718803107679452,16.81253989494219,7417115
2024-11-05,sh.301662,16.649480602899242,16.64793214773526,16.904536709575453,16.621330580462413,6587757
2024-11-06,sh.301662,16.06731130266397,16.244275109963535,16.215848130863996,16.29771445457244,2111288
2024-11-07,sh.301662,16.33355291990785,16.37711669424421,16.078277655824266,16.351740316623996,4298273
2024-11-08,sh.301662,16.06407767192187,16.344360017171486,16.108092133402618,16.210606583558448,8316359
2024-11-11,sh.301662,15.821105076329008,15.800130182211115,15.859611111444881,15.938336312256311,9992719
2024-11-12,sh.301662,16.020834069889414,15.915398319188085,15.87266966336027,15.825219610324135,7323686
2024-11-13,sh.301662,15.800698602515661,15.75270776813127,15.332506523584357,15.630125461492808,7594244
2024-11-14,sh.301662,16.057399846383397,15.84128797078509,15.700674329425777,15.9601803039863,1831635
2024-11-15,sh.301662,15.968007912498654,16.01209086504441,15.6137129092607,16.14435476031965,2467217
2024-11-18,sh.301662,16.104447737293153,16.078629136782943,16.130061090080694,16.155565311033225,3744686
2024-11-19,sh.301662,16.660762478296494,16.806442382830962,16.412410608792264,16.461073573385868,4230545
2024-11-20,sh.301662,16.512985621746925,16.55634233625328,16.73970559374621,16.489617045399143,8578689
2024-11-21,sh.301662,16.705407079650925,16.737747062410012,16.085601074073757,16.326736262597596,8557065
2024-11-22,sh.301662,16.710297898080206,16.852485482367168,16.83920573970337,16.644830809170728,1231414
2024-11-25,sh.301662,16.80113709374745,16.778057071250334,16.73258155904383,16.768932507022903,3402110
2024-11-26,sh.301662,16.513958138574104,16.62984492908435,16.695166218640907,16.565163787162334,2643083
2024-11-27,sh.301662,16.561123327514697,16.544028645710725,16.63642984998058,16.539036947932154,6050058
2024-11-28,sh.301662,16.348522204026967,16.416935901948094,16.485402238473103,16.37348683261044,1021650
2024-11-29,sh.301662,16.223644056840644,16.12909936651932,16.207496883734525,16.10957078831132,2404962
2024-12-02,sh.301662,16.458531830182203,16.057138331907332,16.390455643013812,16.302564814901103,4023846
2024-12-03,sh.301662,16.562538272874594,16.671333156783476,16.653345501872288,16.693749383593246,3913293
2024-12-04,sh.301662,16.20022064080326,16.65239109583748,16.06521870842021,16.41879302411675,9594859
2024-12-05,sh.301662,16.240382450993888,16.69740196671949,16.419816394145975,16.54416734063788,7825687
2024-12-06,sh.301662,16.508809316702823,16.668184946582226,16.389145117301766,16.42536986238858,4844328
2024-12-09,sh.301662,16.160623583530928,16.542919061088842,15.963793789525662,16.340923880771655,8779008
2024-12-10,sh.301662,15.887060947768529,16.251012553809897,15.968592766980503,16.23661755982773,7020010
2024-12-11,sh.301662,16.14313606551365,16.174989008638768,16.196096124577686,16.08065009975651,8121782
2024-12-12,sh.301662,16.504192843815797,16.40225438388983,16.13987213799358,16.102751330844445,6172886
2024-12-13,sh.301662,15.954918484347163,15.905454923915348,15.766694289013916,15.955887152141575,5513207
2024-12-16,sh.301662,16.154098973481144,16.253571254465317,15.988679035988412,16.019774641028178,9050763
2024-12-17,sh.301662,16.036130631610423,16.22918711260844,16.10813566573824,16.023019097862687,2724854
2024-12-18,sh.301662,15.974648775754552,15.968163584573421,15.89735118021938,15.990461687861341,9771419
2024-12-19,sh.301662,15.977351025694425,15.905422706569123,16.00635744474485,15.831844268202133,5695995
2024-12-20,sh.301662,15.691996018462874,15.737761581441655,15.585077111212748,15.73767849297423,2008314
2024-12-23,sh.301662,15.931412000190514,16.027192724335364,15.824002918953862,15.888926232655837,5408608
2024-12-24,sh.301662,16.046372395167836,15.814686074525483,16.044150807540017,15.994917097761466,3493330
2024-12-25,sh.301662,15.718275218152948,15.460646278288795,15.850086441893229,15.823993810183852,7730419
2024-12-26,sh.301662,16.012373136985754,15.924219122388557,15.995667994202503,15.855083989257736,7605949
2024-12-27,sh.301662,15.978588354025693,15.811198975761046,15.893132093405015,16.006593450982756,5396208
2024-12-30,sh.301662,15.587841043252517,15.626731221761807,15.396269516071955,15.706542477751814,1711716
2024-12-31,sh.301662,15.902617469239193,15.879116530442829,15.918561433306516,15.81775366380118,3767257
2025-01-01,sh.301662,15.568068119493962,15.638008598675567,15.496706165234365,15.709210344632693,8542242
2025-01-02,sh.301662,15.829553741966453,16.059472870920114,16.155368035795696,15.825094047309168,8359055
2025-01-03,sh.301662,15.696970508091582,15.74969575165501,15.788737780857915,15.698402044847246,2699660
2025-01-06,sh.301662,15.553476565242164,15.600210774348795,15.391175219845977,15.386396369326377,7110845
2025-01-07,sh.301662,15.188635287011238,15.283140060849718,15.254391456801004,15.116875744983144,1345430
2025-01-08,sh.301662,15.133944121334688,14.96533912290285,15.275674472788081,15.137732635436308,2857845
2025-01-09,sh.301662,15.318399088065853,15.477574378634024,15.295609882676592,15.194146478711819,3505365
2025-01-10,sh.301662,15.263530508009563,15.251966203020046,15.010257844103592,15.054245254040314,7312379
2025-01-13,sh.301662,15.257541756319279,15.359840616462886,15.201328979772708,15.172905724415436,9135340
2025-01-14,sh.301662,14.90825376996276,14.748458573609433,15.24035718594318,14.906710534889928,1847405
2025-01-15,sh.301662,14.713192950632985,14.67712527259499,15.025215655994549,14.908771618523108,1233462
2025-01-16,sh.301662,14.568396093032785,14.845672787250287,14.656806615893705,14.72523659997934,7342869
2025-01-17,sh.301662,14.590242569901115,14.68999913925746,14.523464986786003,14.634911936592143,3986068
2025-01-20,sh.301662,14.565775172978917,14.522903238976186,14.965970551236982,14.6550997944648,2968921
2025-01-21,sh.301662,14.506254498680695,14.407035981726535,14.578746629839957,14.533427838078,4401447
2025-01-22,sh.301662,14.495360884298051,14.658496717816396,14.563392259468674,14.487153922481237,6515328
2025-01-23,sh.301662,14.730921101310232,14.555709773802345,14.449866263968186,14.653303613794073,9798834
2025-01-24,sh.301662,14.566125678614771,14.815844474788507,14.622208439598948,14.576401863813743,6369919
2025-01-27,sh.301662,14.789217164309377,14.656022408035506,14.661248874859018,14.717615721890358,2764694
2025-01-28,sh.301662,14.56327605092939,14.656246829342582,14.533334101562424,14.55389251389896,7471530
2025-01-29,sh.301662,14.358230886909823,14.599454428530427,14.664142541279649,14.647589112606248,2807254
2025-01-30,sh.301662,14.743058284290285,14.972629769629846,14.629801046598145,14.882858239344317,6002828
2025-01-31,sh.301662,14.482294813637031,14.424278209631318,14.45110045669858,14.503192108647992,1131562
2025-02-03,sh.301662,14.221557669335935,14.372266535018507,14.149273951629464,14.395701716191795,6904214
2025-02-04,sh.301662,14.581155593773913,14.587122082406053,13.925123945579895,14.494200719474467,7933966
2025-02-05,sh.301662,14.698081360141773,14.550779032509876,14.778188728657273,14.476482484023492,6590240
2025-02-06,sh.301662,14.722072029826512,14.831136723573755,14.293951716136375,14.544805489121522,9358827
2025-02-07,sh.301662,14.435669068026614,14.392302599820578,14.4771640406715,14.466546881013914,1360306
2025-02-10,sh.301662,14.708269161826172,14.674646070974255,14.45058934095242,14.492229705789633,8565991
2025-02-11,sh.301662,14.503323271051839,14.359109566808684,14.488384546221264,14.481793556813667,3724274
2025-02-12,sh.301662,14.618803564139526,14.292398710893085,14.680821840366695,14.668248170932516,2594502
2025-02-13,sh.301662,14.629464445141389,14.691636999202322,14.712827950774786,14.719755819404337,2488303
2025-02-14,sh.301662,14.739466546831636,15.140869731010936,14.690898716982964,14.784184222499256,6982547
2025-02-17,sh.301662,14.676352457620622,14.849144685731796,14.89901821673847,14.73354466255006,1518490
2025-02-18,sh.301662,14.696864905322132,14.694034233332316,14.561737735702557,14.671861672907008,5229228
2025-02-19,sh.301662,14.642704951845557,14.60421062337913,14.680074690227801,14.619230271799282,2903124
2025-02-20,sh.301662,14.691605449447893,14.694906049780535,14.857178225401912,14.69115795381585,3792537
2025-02-21,sh.301662,14.70429899177466,14.784749022311177,14.706213169255058,14.640329802689958,7254887
2025-02-24,sh.301662,14.871521120298057,14.695916293078216,14.51177994171743,14.696537345866911,4147887
2025-02-25,sh.301662,15.164748092342236,15.33373217027709,15.102523671657933,15.022105072396949,7864684
2025-02-26,sh.301662,14.946344681155002,15.280162866323302,14.892768967855321,15.17162787525545,2587542
2025-02-27,sh.301662,14.745881828417504,15.241028494742622,14.853667777051909,15.132350116243611,4862163
2025-02-28,sh.301662,15.479003793802255,15.546875470047516,15.21948635053711,15.335719116564466,8745269
2025-03-03,sh.301662,15.073318064264512,15.285205158796996,14.969989302441517,15.28220730050277,5856436
2025-03-04,sh.301662,14.93292613114797,15.067270012477826,14.65687473961794,14.96656579290192,8056784
2025-03-05,sh.301662,14.65007725112618,14.91125703987515,14.675797504766942,14.823529298368111,9543144
2025-03-06,sh.301662,14.290729306373388,14.501447554842636,14.195173658231376,14.552970996822829,7234408
2025-03-07,sh.301662,14.593101929893898,14.509395638503374,14.500277237163237,14.514511261233233,1624773
2025-03-10,sh.301662,14.640270320443717,14.65518235740846,14.341675618044372,14.529965338784152,8581002
2025-03-11,sh.301662,14.700293327998873,15.014564359132685,14.805963797514012,14.785533466234645,3017528
2025-03-12,sh.301662,14.462555369761667,14.663280625271256,14.354808563879125,14.847254000127137,2678332
2025-03-13,sh.301662,14.74604161093019,14.609442995877009,14.77475175523091,14.827033458035245,2002021
2025-03-14,sh.301662,15.022856946084657,15.047608731566784,14.973831771465125,14.964226507251734,7292357
2025-03-17,sh.301662,14.423346548315688,14.647306975276074,14.41011276951701,14.639857088448757,3185132
2025-03-18,sh.301662,14.713912921715261,14.739418263267776,14.649936377841543,14.686982881685424,1292007
2025-03-19,sh.301662,14.810376809321172,14.848780523071923,14.827590768569403,14.812644602868403,7778519
2025-03-20,sh.301662,14.690201293962998,14.657412433464481,14.574232206844199,14.60559233907634,3928785
2025-03-21,sh.301662,14.801085537172119,15.021601499106668,14.550107861009929,14.78340748403854,5791164
2025-03-24,sh.301662,14.70168934267668,14.60847999464934,14.556811591269147,14.846152642961203,2612119
2025-03-25,sh.301662,14.97429411481786,14.85023253359475,14.668623778010867,14.797234622293068,8927532
2025-03-26,sh.301662,14.879637523124272,14.887875274193688,14.947420153371182,14.903263603281637,9776381
2025-03-27,sh.301662,15.250710138726971,15.004209006282126,15.386325679875288,15.254875412211089,7277120
2025-03-28,sh.301662,15.153279960479598,15.269134187250673,15.008520592425807,15.296032934870022,5216803
2025-03-31,sh.301662,15.279648534136998,15.602679243757702,15.145791663243864,15.347682084788163,3583677
2025-04-01,sh.301662,15.152924850921927,15.291388384233505,14.929772170123815,15.288195217128814,1143704
2025-04-02,sh.301662,15.1422658663967,15.20349305310288,15.233722218562487,15.16849918809202,9454364
2025-04-03,sh.301662,15.570566716108395,15.374351920614309,15.343669844739754,15.308529321526743,7731666
2025-04-04,sh.301662,14.979586688609205,15.094337688442458,15.225174639980722,15.187950353091107,8891784
2025-04-07,sh.301662,14.96624621297955,15.154622538188216,15.024984405027423,15.21169627198658,8775872
2025-04-08,sh.301662,15.374141139055522,15.325295171660132,15.000247787705593,15.151240583346166,5714386
2025-04-09,sh.301662,15.204878675997271,15.43205400298515,15.275808732438053,15.236772849204502,3396640
2025-04-10,sh.301662,15.19834763539996,15.386051336589855,15.10100528959084,15.300720585657118,7375247
2025-04-11,sh.301662,15.63456594318373,15.460794315975647,15.503132475607705,15.473654682825545,7994791
2025-04-14,sh.301662,15.312785150232505,15.444063546141122,15.26316299373671,15.406086805994962,4278262
2025-04-15,sh.301662,15.657569765841387,15.735579183700866,15.55326619441451,15.376788121118237,9246673
2025-04-16,sh.301662,15.341064368957223,15.515975366858818,15.2247796125923,15.23776362711548,8421473
2025-04-17,sh.301662,15.10890821195476,15.422961039928655,15.560836200292913,15.182987741241643,2916796
2025-04-18,sh.301662,15.581688150199387,15.423519338797982,15.28114826022968,15.252641658950886,2286188
2025-04-21,sh.301662,15.28722129964244,15.255669584757902,15.536475352640633,15.380382572096634,9822405
2025-04-22,sh.301662,15.36419100023984,15.170974336019471,15.067087539934722,15.251013931668433,4085945
2025-04-23,sh.301662,15.441460566220666,15.405324481959536,15.27569848423605,15.395383326200212,5168773
2025-04-24,sh.301662,15.820153798158684,15.893932410246686,15.543983282672478,15.61686264894862,7637034
2025-04-25,sh.301662,15.940101104444192,16.09748322462757,15.456299329401867,15.69502158506471,8948838
2025-04-28,sh.301662,16.01213988105761,15.999978496910876,16.158910200018727,16.007016971485072,2784094
2025-04-29,sh.301662,15.7720813294935,15.840983518663581,15.496485784796619,15.891813089229771,1239608
2025-04-30,sh.301662,15.774134389420942,15.798072899064945,15.555538097375454,15.701909977614537,4662097
2025-05-01,sh.301662,15.327658706378033,15.303364103322986,15.363917093454846,15.432245405388212,9737723
2025-05-02,sh.301662,15.989727879903793,16.323839435448008,15.496147844069508,15.674146610881674,9054515
2025-05-05,sh.301662,15.811705548332043,15.557506920508844,15.964831785080309,15.79014641963954,5297084
2025-05-06,sh.301662,15.736353042664863,15.823230142196113,15.866101502009625,15.7940521188806,4146243
2025-05-07,sh.301662,15.88080169975866,16.2021665906185,15.947997815726053,15.851527051116399,5042942
2025-05-08,sh.301662,15.472385117137106,15.684730341142163,15.554230585312576,15.683663876377256,1853159
2025-05-09,sh.301662,15.923942490177067,16.049621155812186,16.092188121585778,16.08017977428174,4898888
2025-05-12,sh.301662,16.30767097264354,16.24937994918484,15.917143011877533,16.114233472876492,1895596
2025-05-13,sh.301662,16.039014816913006,16.115946498900023,16.080532512542554,16.145070863752878,8648392
2025-05-14,sh.301662,16.107454134979147,16.50133940793169,16.05067455887754,16.27786893258091,3431129
2025-05-15,sh.301662,16.459206554568635,16.09515163388108,16.464723472343135,16.371349258148925,2600720
2025-05-16,sh.301662,16.61677338491919,16.871580588071577,16.72103688061353,16.422056380138784,3605327
2025-05-19,sh.301662,16.41755337846824,16.18377445287822,16.256341065220443,16.300361390600152,4219598
2025-05-20,sh.301662,16.55536456637422,16.511219301144735,16.705550103783725,16.39209151815249,7184546
2025-05-21,sh.301662,16.596417164976724,16.65119338404523,16.60780795758227,16.722975824680564,7387958
2025-05-22,sh.301662,16.73041785222468,17.071611263468956,16.95934267575624,16.97172362911336,9979219
2025-05-23,sh.301662,17.530745354348287,17.250582243773717,16.928212114288833,17.271443362961712,9817164
2025-05-26,sh.301662,17.13376157742406,17.26867166199567,16.977610861501123,17.189227749825402,4675049
2025-05-27,sh.301662,16.97729778142985,17.364526820610685,16.95934364537054,17.01998953457977,7626924
2025-05-28,sh.301662,17.236025320250352,17.001068303659665,16.795140445799667,17.01009819253434,7045001
2025-05-29,sh.301662,17.127649846409003,17.160142054534354,17.177059921606837,17.03290770229532,6876924
2025-05-30,sh.301662,17.321305773143916,17.206641815964048,17.148987909236524,17.24269841947263,9868958
2025-06-02,sh.301662,17.310939190191633,17.384664265474516,16.91024297067142,16.944099048469894,1496232
2025-06-03,sh.301662,17.117904225322935,17.23207345769501,17.072709520664617,17.228774530296484,4634183
2025-06-04,sh.301662,17.372321648478195,17.260880479306138,16.993610766036753,17.212616089309016,8602242
2025-06-05,sh.301662,17.157225012345997,17.240930358034202,17.02184500832002,17.147448715992887,3628973
2025-06-06,sh.301662,17.022587354300942,17.329734087465066,16.927971891116332,16.976988474076066,4912669
2025-06-09,sh.301662,16.951415236086287,16.919054341649158,16.972522430574063,16.696218803273503,4991818
2025-06-10,sh.301662,16.93576830466181,17.05766484209843,17.011966671243183,16.850196979395207,9164962
2025-06-11,sh.301662,16.966608851131014,16.747184286991562,16.896475331711404,16.875767257673417,4779044
2025-06-12,sh.301662,16.84204355535013,16.68096012418723,16.647769193309152,16.66332813842551,7041084
2025-06-13,sh.301662,16.395773172320812,16.53356754012238,16.58107881140347,16.45582917004581,6070121
2025-06-16,sh.301662,16.275241581377554,16.65656858417508,15.88273537626543,16.412980903820923,1250231
2025-06-17,sh.301662,16.525962926862114,16.759839804223127,16.275364207465767,16.70045077197062,5735524
2025-06-18,sh.301662,16.341315948156183,16.616905767802916,16.242921891039114,16.66908969169788,4372105
2025-06-19,sh.301662,16.76534928998307,16.765230491627246,16.415730634826218,16.42756453670382,7741499
2025-06-20,sh.301662,16.219099084193775,16.19495835020946,16.25351746728759,16.400025537908476,1978935
2025-06-23,sh.301662,16.33206355737966,16.46722772273479,16.48753148528492,16.368278967714353,6267528
2025-06-24,sh.301662,15.898949097671494,16.083752748852294,15.88663050947157,15.943081668141062,3130118
2025-06-25,sh.301662,15.996551065362382,15.924232204409172,15.906422141611074,15.947527298312433,1420993
2025-06-26,sh.301662,16.05477689603458,15.979312677894463,16.122620570381947,15.92487179078795,4401461
2025-06-27,sh.301662,16.182072462226415,16.225097070009994,15.99040261703461,16.04401794137322,3260791
2025-06-30,sh.301662,16.247907503432216,16.27182703696662,16.27313385007597,16.343201021327545,9634939
2025-07-01,sh.301662,16.509304868074583,16.526005376514444,16.824270634100728,16.53694168843215,5601318
2025-07-02,sh.301662,16.55220783713009,16.899758151674437,16.64757783510987,16.505566415724722,8274324
2025-07-03,sh.301662,16.29696257640961,16.297234666834647,16.364367715405294,16.3375927197356,5080790
2025-07-04,sh.301662,17.030874280625085,16.96984581983735,16.44505569372548,16.761459699666126,3752690
2025-07-07,sh.301662,16.866600281965805,16.7573819939507,16.69078113648102,16.784194093134168,2003510
2025-07-08,sh.301662,16.922778734107272,17.048716694801197,17.023676110972225,16.799324232118945,2071192
2025-07-09,sh.301662,16.919471278158944,16.888809106222226,16.726360596445893,16.808053837641687,4415473
2025-07-10,sh.301662,17.051924621614187,16.94119402060653,17.11493049637346,16.854145628758204,2860371
2025-07-11,sh.301662,16.87305450013679,17.09599884961472,16.660212871522933,16.84256582495476,8778512
2025-07-14,sh.301662,16.54146751739944,16.996709445457004,16.619398448646358,16.758801002899382,2571480
2025-07-15,sh.301662,16.747273755658796,16.646719177411047,16.69622247489135,16.680603393614874,4615590
2025-07-16,sh.301662,16.579302846129305,16.376513081770067,16.359495004809457,16.68800129298725,3360901
2025-07-17,sh.301662,16.523611756792462,16.778784863078787,16.7362976675402,16.611422507241677,8238225
2025-07-18,sh.301662,16.605054907400355,16.491371748920468,16.738896284212288,16.508256431561854,3952053
2025-07-21,sh.301662,16.7428982322258,16.87527187169155,16.634625916795873,16.538109620460503,4291987
2025-07-22,sh.301662,16.51343813285115,16.188106257760367,16.338490629131776,16.509926211228063,8541714
2025-07-23,sh.301662,16.814921488708904,16.96501103035424,17.01784162547085,16.76315134340853,5263272
2025-07-24,sh.301662,16.617522724826507,16.416255954241553,16.80214814814746,16.33939116652747,9973326
2025-07-25,sh.301662,16.562170838799293,16.683201240627735,16.596934891235072,16.522392653159226,6492952
2025-07-28,sh.301662,17.169100627864626,17.171551185244148,16.641414815507176,16.733741695794578,7297042
2025-07-29,sh.301662,16.500692988977807,16.34328637408233,16.210966901113338,16.407904705223736,5052579
2025-07-30,sh.301662,16.0788609220675,16.30042594910531,16.153331993321963,16.367045768737416,8200262
2025-07-31,sh.301662,16.44504518278598,16.557910563130307,16.389237526551014,16.32208412960596,4884175
2025-08-01,sh.301662,16.17910000419759,16.196232773666004,15.931684299891097,16.117666168150272,8725166
2025-08-04,sh.301662,16.220339423767033,16.315133192836225,16.313217699249755,16.013800984535656,8689205
2025-08-05,sh.301662,15.969405557294383,16.285031369834623,15.924250927981097,15.862621348553352,2609425
2025-08-06,sh.301662,16.10604034661973,15.87608435032427,16.075370598078795,16.128371041445718,3303707
2025-08-07,sh.301662,16.081641745176835,16.544267249888623,16.00939999976751,16.28096936597528,1998899
2025-08-08,sh.301662,16.45284816263216,16.504515963447634,16.536725883785792,16.487310476028014,6462610
2025-08-11,sh.301662,16.471448434223664,16.463430527268045,16.46577550074031,16.612743213257687,3098729
2025-08-12,sh.301662,16.35127755534145,16.22796140341241,16.758150867383492,16.44675482382565,8237310
2025-08-13,sh.301662,16.47476400386935,16.443606865805638,16.486174811703847,16.378364487498636,2820844
2025-08-14,sh.301662,16.741064456158103,16.895358495455632,16.391421189504324,16.46609637116517,1951302
2025-08-15,sh.301662,16.354183837132187,16.333324219502998,16.449906910058992,16.289892270103255,8568538
2025-08-18,sh.301662,16.213996878133536,16.65822842349936,16.204433178286408,16.410244209068395,2120803
2025-08-19,sh.301662,16.459112751048462,16.22026210800707,16.31303332087566,16.386259006285055,8139845
2025-08-20,sh.301662,16.537523070917658,16.535523858378586,16.39794920073856,16.341969913395804,8587973
2025-08-21,sh.301662,16.361825596963214,16.256037704643166,16.333934612046747,16.462209335162303,1150653
2025-08-22,sh.301662,16.52092541982069,16.60325197983078,16.679977748923687,16.543096008371087,3488144
2025-08-25,sh.301662,16.502484927464447,16.648843385338836,16.53415235426011,16.500061366320523,6962413
2025-08-26,sh.301662,16.55983560051058,16.620613050665842,16.458784806018873,16.69084173573358,6127319
2025-08-27,sh.301662,16.64099011027093,16.207623139939304,16.507851086717107,16.53380468949895,4483978
2025-08-28,sh.301662,16.62113072488739,16.674365492796806,16.718618853943955,16.641258018365647,6942654
2025-08-29,sh.301662,16.816581036242603,16.890025528711384,16.708776763415965,16.746324770667613,6839741
2025-09-01,sh.301662,16.56207639139138,16.777938892824757,16.44372217196578,16.71037970414671,6088539
2025-09-02,sh.301662,16.70081352214527,16.981486122100765,17.043170392393975,16.774193624467827,7935426
2025-09-03,sh.301662,16.70980029739571,16.530829366448444,16.397667641680616,16.589957536877762,6780554
2025-09-04,sh.301662,16.68218929094199,16.85851837469305,16.738283942948527,16.744618780948752,9774821
2025-09-05,sh.301662,17.0173873089561,17.220320931042874,16.657314243484656,16.728492294179258,6297340
2025-09-08,sh.301662,16.59326234175071,16.36353122999812,16.394600018831717,16.65984109523315,3496589
2025-09-09,sh.301662,16.872177416333123,16.92610963951672,17.065265590911253,16.834353196022537,1416690
2025-09-10,sh.301662,16.892355951714848,16.807188100024277,16.855008982628934,16.73627498560205,3996244
2025-09-11,sh.301662,16.296026637345737,16.517013338113397,16.343048609687358,16.530489434977575,6359462
2025-09-12,sh.301662,16.02135330539166,16.36521594768563,16.146921226054452,16.30851507595224,8838941
2025-09-15,sh.301662,16.159494508843807,16.32989897058805,15.879137528139534,16.409852459097664,1678066
2025-09-16,sh.301662,16.43823608048,16.327161591212537,16.37235949163755,16.23327730180219,2877779
2025-09-17,sh.301662,16.407885209954188,16.50457071736038,16.49903868781999,16.498935931879842,2625199
2025-09-18,sh.301662,16.615640964857565,16.434988083251127,16.168068991741777,16.201182431622,2801951
2025-09-19,sh.301662,16.363622430509263,16.277789140502698,16.560337640006512,16.45647771081613,9441557
2025-09-22,sh.301662,16.5309055407839,16.64321209645876,16.565742851171322,16.5004537383763,9228736
2025-09-23,sh.301662,16.75331795164368,16.560856834324035,16.446510718793913,16.498886973561465,1789148
2025-09-24,sh.301662,16.76057256355335,16.872250353768266,16.48564453066829,16.4309523960788,9340791
2025-09-25,sh.301662,16.84241618887417,16.920327739670128,16.51763319326106,16.502222286219272,9372602
2025-09-26,sh.301662,16.708946323187824,16.42058220323224,16.59684151353361,16.5094516841801,8008642
2025-09-29,sh.301662,16.855930571480382,16.74172074410579,16.93775542925696,16.685065072663974,4821301
2025-09-30,sh.301662,16.814123903910545,17.01490293848718,16.661327964604325,16.715082535307626,2308166
2025-10-01,sh.301662,16.880973193434464,16.715342903139554,16.45663139879057,16.750593096742364,7192357
2025-10-02,sh.301662,16.616150699210607,16.630650356428895,16.613093056508518,16.70824415443917,3511019
2025-10-03,sh.301662,16.575718514557682,16.789681413443926,16.538379368568425,16.712459672994527,2330728
2025-10-06,sh.301662,16.77096305373713,16.90291556830246,16.65478677641165,16.771529001840463,2029242
2025-10-07,sh.301662,16.497465855830733,16.484021583900894,16.70687322109617,16.525589868568574,3167626
2025-10-08,sh.301662,16.267326652898067,16.243748944220723,15.990373032146653,16.34139041792217,4708201
2025-10-09,sh.301662,16.574474616158557,16.810224947833664,16.42654726792987,16.459850284904313,9738676
2025-10-10,sh.301662,16.654891073919238,16.944502918809473,16.228079397161668,16.497291588105007,8283377
2025-10-13,sh.301662,16.49801477771043,16.65950692358122,16.604271350345183,16.48344227963729,8017955
2025-10-14,sh.301662,16.74266508882238,16.756949619692048,16.198929020928116,16.4988890402133,3738384
2025-10-15,sh.301662,16.372748172661417,16.427969197492178,16.245833915676553,16.561832815011392,1404911
2025-10-16,sh.301662,16.464245319918913,16.359200053944853,16.37319144346669,16.496191755674698,3508164
2025-10-17,sh.301662,16.279572033433723,16.482787392673504,16.241473853811453,16.397110179131573,4319343
2025-10-20,sh.301662,16.13079545686946,16.50638412186555,16.170885099902833,16.437609456343576,7174943
2025-10-21,sh.301662,16.29793154373592,16.54003854023601,16.10226971587697,16.311417935956037,2169070
2025-10-22,sh.301662,16.36112023399386,16.48761441543846,16.338155786927743,16.381063770981704,1171277
2025-10-23,sh.301662,16.399288114594114,16.152793645314812,16.472569482167028,16.154793434833334,8351548
2025-10-24,sh.301662,16.41003080427662,16.582655732389803,16.489344733498516,16.307163312680796,2361212
2025-10-27,sh.301662,16.21755095728763,16.221831830743607,16.247690586851444,16.385367734744776,6880926
2025-10-28,sh.301662,16.738630207155108,16.674358675841294,16.382984918204993,16.433929933894206,2603344
2025-10-29,sh.301662,16.78723516876569,16.8292368657819,16.59411507493654,16.584730026826232,7562865
2025-10-30,sh.301662,16.93402169021532,17.271968455799914,16.630793445559064,16.836019606729025,7929909
2025-10-31,sh.301662,16.960407487640918,17.527559482417306,17.291322314280826,16.998907309675555,9113649
2025-11-03,sh.301662,16.57321762714015,16.835295591649494,16.549420485936828,16.733767962757103,2381710
2025-11-04,sh.301662,16.4988441410309,16.53014513672987,16.79878969994385,16.56048338233005,3591822
2025-11-05,sh.301662,16.66421440936457,16.75328557665753,16.359500487799366,16.48473706213867,3057797
2025-11-06,sh.301662,16.812154469231032,16.96138847058345,16.516762372359427,16.501175574044368,5415239
2025-11-07,sh.301662,16.84240356913722,16.788395433525306,16.516836159131454,16.586434492264242,4101373
2025-11-10,sh.301662,16.415924294031214,16.792715925841318,16.557738666830666,16.496567669699118,3800174
2025-11-11,sh.301662,16.350256505354288,16.573432706502317,16.14106070713219,16.535389610091126,1873420
2025-11-12,sh.301662,16.465653170346297,16.54760982107545,16.271202513623646,16.44248796615196,7002024
2025-11-13,sh.301662,16.08149647677861,16.48002633507536,15.987653820249312,16.3710078236718,9881111
2025-11-14,sh.301662,16.24465510694878,16.313140397820174,16.213298590556704,16.192326734766702,5412903
2025-11-17,sh.301662,16.05924432696096,16.217909886124712,15.966123628767734,16.08298322615675,3565820
2025-11-18,sh.301662,15.846068836759803,15.821994742747362,15.958083519685019,15.920263073877523,6834611
2025-11-19,sh.301662,15.557646357404623,15.721498971233084,15.424542033583418,15.80976516745775,6534448
2025-11-20,sh.301662,16.03500028810281,15.858590553676224,15.689922562941796,15.953065327579228,7332961
2025-11-21,sh.301662,15.761364226365046,15.915417177040247,15.5926213965608,15.845774801785092,9369597
2025-11-24,sh.301662,15.995826457281456,16.311251870341906,16.112532402179887,16.185179598291818,8442510
2025-11-25,sh.301662,15.79530031823156,16.3368439117352,15.738213367566177,16.26239906144656,8402731
2025-11-26,sh.301662,16.295081415725534,16.572501229017362,16.505799883101577,16.299566225896257,1944461
2025-11-27,sh.301662,16.485802170467952,16.484879621874374,16.106000190587288,16.198720094945223,2467256
2025-11-28,sh.301662,16.573455785936158,16.68428938854792,16.229166701266344,16.30262689443893,5349025
2025-12-01,sh.301662,16.165237904580998,16.06218149106845,16.4674981642451,16.239467904461822,8112646
2025-12-02,sh.301662,16.170198787315144,16.205193626342744,16.358061544354683,16.268167654933027,5330972
2025-12-03,sh.301662,16.693535846120074,16.809645691002615,16.662691332008603,16.615645975307267,9667126
2025-12-04,sh.301662,16.449348317574085,16.756312667155843,16.49883778532865,16.615232378326596,7934430
2025-12-05,sh.301662,16.83631676786609,16.78682356136452,16.98867768281431,16.78565900864668,4411647
2025-12-08,sh.301662,16.827713009939433,16.815664493319495,16.634820704929222,16.699779294232545,8725976
2025-12-09,sh.301662,16.91271923936167,16.656005514177565,16.66571106783267,16.707726590862627,8098917
2025-12-10,sh.301662,16.948330026815405,16.90475033615101,16.981255400443352,16.96532148787344,3705421
2025-12-11,sh.301662,16.85396626166463,17.038734569323843,16.98134710610985,16.88836342479543,6798273
2025-12-12,sh.301662,17.006698391692346,17.256026683361455,16.828347933690498,17.157336821334837,9795492
2025-12-15,sh.301662,17.130956487867632,17.36027400994282,16.847369415627412,17.27379006430748,9535640
2025-12-16,sh.301662,17.16406501922078,17.211588822895724,17.247063826716108,17.20302624242816,7942263
2025-12-17,sh.301662,17.37228429575926,17.373511327756407,17.414656232841907,17.308698109227016,5652124
2025-12-18,sh.301662,17.62570324898576,17.509317004451848,17.380340326335553,17.466135321887897,2362516
2025-12-19,sh.301662,17.432060387393808,17.696011216811243,17.49447228507591,17.57320466824916,3375100
2025-12-22,sh.301662,17.603853033505555,17.677960491946685,17.369125363021066,17.34494699245706,6227541
2025-12-23,sh.301662,17.202849472408285,17.334488623984022,17.075608054099167,17.249617255878483,2718562
2025-12-24,sh.301662,17.22245608887633,17.13552136637421,17.551294102627562,17.22613684824156,3256356
2025-12-25,sh.301662,17.09934189915129,16.857092595660877,16.873920877360273,17.22807206571834,8215409
2025-12-26,sh.301662,16.911069588311612,17.521369951399524,16.898778534265126,17.331220001176614,2329785
2025-12-29,sh.301662,17.523759818964997,17.439849493250843,17.44167655069498,17.370199371086176,8179391
2025-12-30,sh.301662,17.312099050524854,17.162734455669785,17.200804279109136,17.185468971223678,5299376
2025-12-31,sh.301662,17.204454508812308,17.372637790243047,17.210918333336473,17.25299192953748,3761642
